age,normal_retire_rate
45,0
46,0
47,0
48,0.07750000000000001
49,0.1
50,0.1
51,0.105
52,0.11
53,0.12
54,0.125
55,0.135
56,0.15
57,0.35750000000000004
58,0.36750000000000005
59,0.375
60,0.385
61,0.43
62,0.44375000000000003
63,0.15125
64,0.15125
65,0.17375000000000002
66,0.18
67,0.18
68,0.18
69,0.18
70,0.18
71,0.18
72,0.18
73,0.18
74,0.18
75,0.18
76,0.18
77,0.18
78,0.18
79,0.18
80,1
