age,normal_retire_rate
45,0
46,0
47,0
48,0.045
49,0.0675
50,0.1
51,0.105
52,0.11
53,0.12
54,0.125
55,0.135
56,0.15
57,0.17
58,0.17250000000000001
59,0.1775
60,0.37500000000000006
61,0.4275
62,0.4025
63,0.37125
64,0.34
65,0.3525
66,0.18
67,0.18
68,0.18
69,0.18
70,0.18
71,0.18
72,0.18
73,0.18
74,0.18
75,0.18
76,0.18
77,0.18
78,0.18
79,0.18
80,1
