age,normal_retire_rate
45,0.10500000000000001
46,0.10500000000000001
47,0.10500000000000001
48,0.13
49,0.13
50,0.2
51,0.205
52,0.205
53,0.205
54,0.205
55,0.345
56,0.16
57,0.16
58,0.16
59,0.16
60,0.20500000000000002
61,0.12000000000000001
62,0.12000000000000001
63,0.12000000000000001
64,0.12000000000000001
65,0.12000000000000001
66,0.12000000000000001
67,0.12000000000000001
68,0.12000000000000001
69,0.12000000000000001
70,1
71,1
72,1
73,1
74,1
75,1
76,1
77,1
78,1
79,1
80,1
