source_id,rate_year,gender,max_abs_diff,mean_abs_diff,max_rel_diff,mean_rel_diff
AV_2024,2023,female,0.03541979686500002,0.003935767999547786,0.06977771644119789,0.007872304755519385
AV_2024,2023,male,0.16974276991999998,0.01886042664264889,0.30363097278742424,0.033827531151597263
AV_2024,2053,female,0.034372974870516326,0.0038194185215682705,0.06977867411797874,0.007921200170867537
AV_2024,2053,male,0.14672400116772383,0.016302929251966452,0.2797337743158393,0.03128392538272198
EXPSTUDY_2022,2021,female,5.551115123125783e-17,1.0125243621934072e-17,4.103911700915087e-16,1.4132258889151386e-16
EXPSTUDY_2022,2021,male,2.7755575615628914e-17,4.39704214396899e-18,2.6237971352594826e-16,1.2889372337187045e-16
EXPSTUDY_2022,2051,female,0.14444385569602003,0.02709267563215604,0.4589875967855839,0.1323020575018353
EXPSTUDY_2022,2051,male,0.006880288290015524,0.0022567794488246493,0.0415631153626792,0.015003821549367203
